{
  "project_info": {
    "project_number": "154254727902",
    "project_id": "medsega-e1996",
    "storage_bucket": "medsega-e1996.appspot.com"
  },
  "client": [
    {
      "client_info": {
        "mobilesdk_app_id": "1:154254727902:android:fd2cabb92e939b81bfc04f",
        "android_client_info": {
          "package_name": "com.example.medsega"
        }
      },
      "oauth_client": [
        {
          "client_id": "154254727902-ir0mfgoqkp2u5ifi69tjsolbgfsf1ggu.apps.googleusercontent.com",
          "client_type": 3
        }
      ],
      "api_key": [
        {
          "current_key": "AIzaSyBwAFYeIOPLRuGEVnC4n552zLtBJA4JlXw"
        }
      ],
      "services": {
        "appinvite_service": {
          "other_platform_oauth_client": [
            {
              "client_id": "154254727902-ir0mfgoqkp2u5ifi69tjsolbgfsf1ggu.apps.googleusercontent.com",
              "client_type": 3
            }
          ]
        }
      }
    }
  ],
  "configuration_version": "1"
}